City_ID,City,Lat,Lng,Max Temp,Humidity,Cloudiness,Wind Speed,Country,Date
0,whitehorse,60.7161,-135.0538,28.43,24,20,7.2,CA,1722990017
1,port mathurin,-19.6833,63.4167,22.54,73,4,4.46,MU,1722990018
2,panacan,9.2463,118.4082,28.61,80,100,3.92,PH,1722990020
3,punta del este,-34.9667,-54.95,18.87,98,100,2.24,UY,1722989923
4,ancud,-41.8697,-73.8203,6.19,87,49,2.82,CL,1722990024
5,pisco,-13.7,-76.2167,16.12,88,16,6.17,PE,1722989950
6,invercargill,-46.4,168.35,11.12,71,93,4.02,NZ,1722990027
7,puerto natales,-51.7236,-72.4875,-1.86,91,88,1.16,CL,1722990028
8,ilulissat,69.2167,-51.1,9.01,81,25,0.0,GL,1722990004
9,cannonvale,-20.2833,148.7,24.21,75,45,3.97,AU,1722990030
10,dombarovskiy,50.7587,59.5386,21.46,71,67,4.39,RU,1722990031
11,maintirano,-18.0667,44.0167,20.44,82,0,4.26,MG,1722990032
12,isafjordur,66.0755,-23.124,6.3,95,100,2.52,IS,1722990033
13,port elizabeth,-33.918,25.5701,10.17,94,0,1.54,ZA,1722990034
14,greymouth,-42.4667,171.2,11.12,67,76,1.27,NZ,1722990036
15,iqaluit,63.7506,-68.5145,8.85,70,75,1.03,CA,1722989932
16,blackmans bay,-43.0167,147.3167,13.18,66,98,1.57,AU,1722990038
17,chirongui,-12.9319,45.1483,20.96,70,1,4.82,YT,1722990039
18,ushuaia,-54.8,-68.3,-3.19,80,0,1.54,AR,1722990040
19,cekerek,40.0731,35.4947,16.16,94,29,2.06,TR,1722990042
20,flying fish cove,-10.4217,105.6791,24.82,88,100,6.69,CX,1722990043
21,kodiak,57.79,-152.4072,12.73,100,100,6.17,US,1722990044
22,dongcun,36.7767,121.1597,28.24,79,3,1.44,CN,1722990046
23,grytviken,-54.2811,-36.5092,-8.59,72,45,3.47,GS,1722990047
24,port-aux-francais,-49.35,70.2167,2.42,83,72,5.54,TF,1722990048
25,waitangi,-43.9535,-176.5597,11.01,78,0,1.79,NZ,1722990049
26,jamestown,42.097,-79.2353,19.73,100,100,4.63,US,1722989767
27,albany,42.6001,-73.9662,20.13,90,95,1.05,US,1722989975
28,hawaiian paradise park,19.5933,-154.9731,28.74,68,0,5.66,US,1722990053
29,fairfield,41.2668,-73.3162,22.32,85,100,6.17,US,1722990054
30,usogorsk,63.4106,48.6872,10.35,90,51,1.29,RU,1722990055
31,pacific grove,36.6177,-121.9166,21.35,87,0,3.58,US,1722990056
32,enewetak,11.3474,162.3373,28.44,79,68,4.99,MH,1722990057
33,ohara,35.25,140.3833,27.31,87,100,3.61,JP,1722990059
34,papatowai,-46.5619,169.4708,12.38,50,69,2.5,NZ,1722990060
35,cabo san lucas,22.8909,-109.9124,26.61,93,100,2.06,MX,1722989996
36,papao,-17.75,-149.55,28.82,79,0,9.83,PF,1722990063
37,touros,-5.1989,-35.4608,24.05,82,17,6.52,BR,1722990064
38,nemuro,43.3236,145.575,18.29,100,100,2.52,JP,1722990065
39,placido de castro,-10.3353,-67.1856,28.03,46,66,1.01,BR,1722990066
40,bilibino,68.0546,166.4372,9.39,49,15,1.3,RU,1722990067
41,pont rouge,48.8833,-72.0825,16.06,59,73,2.35,CA,1722990068
42,saarijarvi,62.7049,25.254,10.09,73,97,1.21,FI,1722990070
43,vilyuchinsk,52.9306,158.4028,15.15,97,100,1.59,RU,1722990071
44,mangrol,21.1167,70.1167,28.0,80,99,8.14,IN,1722990072
45,georgetown,5.4112,100.3354,26.96,79,20,2.06,MY,1722989955
46,ambanja,-13.6833,48.45,19.44,78,12,1.47,MG,1722990074
47,talnakh,69.4865,88.3972,12.9,57,4,6.16,RU,1722990076
48,asmara,15.3333,38.9333,14.96,83,100,1.87,ER,1722990077
49,greenville,35.6127,-77.3663,24.09,99,75,2.57,US,1722989970
50,petropavlovsk-kamchatsky,53.0452,158.6483,14.33,94,75,2.0,RU,1722990080
51,sanchursk,56.9413,47.2499,14.48,95,100,1.75,RU,1722990081
52,puerto santa,-8.9906,-78.6456,16.83,87,41,5.88,PE,1722990082
53,tiksi,71.6872,128.8694,10.22,84,100,3.18,RU,1722990083
54,cidade velha,14.9167,-23.6167,26.26,78,75,5.14,CV,1722990084
55,pittsburg,38.028,-121.8847,39.94,23,0,5.66,US,1722990086
56,edinburgh of the seven seas,-37.0676,-12.3116,9.81,59,57,7.28,SH,1722990087
57,lichinga,-13.3128,35.2406,14.05,72,0,4.12,MZ,1722990088
58,cadale,2.7603,46.3222,24.78,88,31,6.69,SO,1722990089
59,hood river,45.7054,-121.5215,31.9,32,0,2.68,US,1722990090
60,nagqu,31.5,92.0,5.05,82,95,1.73,CN,1722990091
61,crane,31.3974,-102.3501,35.85,20,0,4.34,US,1722990092
62,yuzhno-kurilsk,44.0306,145.8556,18.23,99,100,2.04,RU,1722990094
63,kirensk,57.7853,108.1119,19.77,54,36,0.51,RU,1722990095
64,chibougamau,49.9168,-74.3659,15.79,48,20,5.66,CA,1722990096
65,zhezqazghan,47.7833,67.7667,25.44,30,69,2.3,KZ,1722990097
66,kermit,31.8576,-103.0927,35.58,18,0,4.27,US,1722990098
67,fort mcmurray,56.7268,-111.381,23.77,31,0,5.66,CA,1722990099
68,yellowknife,62.456,-114.3525,20.23,44,20,4.63,CA,1722990100
69,darhan,49.4867,105.9228,18.64,80,63,1.93,MN,1722990102
70,olonkinbyen,70.9221,-8.7187,6.29,99,100,5.05,SJ,1722990103
71,hasaki,35.7333,140.8333,31.27,82,56,4.21,JP,1722990104
72,la ronge,55.1001,-105.2842,19.14,55,40,7.72,CA,1722989859
73,west island,-12.1568,96.8225,25.99,73,18,4.63,CC,1722990106
74,wailua homesteads,22.0669,-159.378,28.44,68,0,5.66,US,1722990107
75,nova sintra,14.8667,-24.7167,26.07,84,99,7.12,CV,1722990108
76,praia da vitoria,38.7333,-27.0667,23.75,83,75,3.25,PT,1722990109
77,inverell,-29.7833,151.1167,15.62,68,73,0.89,AU,1722990111
78,sinabang,2.4803,96.3801,23.53,94,100,2.28,ID,1722990112
79,gadzhiyevo,69.2551,33.3362,11.79,55,18,4.06,RU,1722990113
80,santa clara de valladares,19.6382,-102.4904,19.28,96,100,1.69,MX,1722990114
81,lethbridge,49.7,-112.8186,19.06,63,75,7.2,CA,1722990116
82,seven pagodas,12.6264,80.1722,25.62,83,100,2.41,IN,1722990117
83,alofi,-19.0595,-169.9187,24.94,65,75,4.63,NU,1722990118
84,laojunmiao,39.8333,97.7333,23.32,31,0,2.0,CN,1722990119
85,hamilton,39.1834,-84.5333,32.0,61,40,4.63,US,1722989706
86,salekhard,66.53,66.6019,6.42,73,0,1.79,RU,1722990121
87,kavieng,-2.5744,150.7967,28.87,73,78,5.6,PG,1722990122
88,general pico,-35.6566,-63.7568,7.21,60,82,4.37,AR,1722989849
89,abepura,-2.6333,140.5833,28.45,74,20,2.57,ID,1722990125
90,el granada,37.5027,-122.4694,32.46,55,20,9.77,US,1722990127
91,rexburg,43.826,-111.7897,33.33,21,20,0.0,US,1722990046
92,longyearbyen,78.2186,15.6401,8.91,93,75,1.54,SJ,1722990129
93,lazaro cardenas,17.9583,-102.2,29.47,72,85,3.68,MX,1722989930
94,coquimbo,-29.9533,-71.3436,12.21,70,0,2.57,CL,1722989400
95,tura,25.5198,90.2201,23.77,97,99,1.52,IN,1722990133
96,huainan,32.6264,116.9969,29.26,77,61,1.64,CN,1722990134
97,daru,-9.0763,143.2092,25.4,82,91,6.74,PG,1722990136
98,qaqortoq,60.7167,-46.0333,9.01,95,100,1.29,GL,1722990137
99,avarua,-21.2078,-159.775,25.03,83,75,2.57,CK,1722990138
100,conde,-7.2597,-34.9075,22.7,94,20,2.06,BR,1722990139
101,veraval,20.9,70.3667,27.84,81,98,7.0,IN,1722990140
102,bredasdorp,-34.5322,20.0403,9.07,91,0,1.54,ZA,1722990142
103,vilyuysk,63.7553,121.6247,13.02,65,10,4.02,RU,1722990143
104,uturoa,-16.7333,-151.4333,26.0,85,15,8.36,PF,1722990144
105,udachny,66.4167,112.4,11.31,62,41,0.38,RU,1722990145
106,punta arenas,-53.15,-70.9167,-0.94,93,75,2.57,CL,1722990147
107,art khwajah,37.0857,69.4796,27.58,20,0,1.92,AF,1722990148
108,rongelap,11.1635,166.8941,28.65,77,90,5.14,MH,1722990149
109,bahia honda,22.9036,-83.1592,27.76,86,80,2.51,CU,1722990150
110,alice springs,-23.7,133.8833,15.75,48,2,4.12,AU,1722990151
111,college,64.8569,-147.8028,25.18,42,75,2.06,US,1722990152
112,kavaratti,10.5669,72.642,26.75,84,100,3.94,IN,1722990153
113,port alfred,-33.5906,26.891,13.91,71,0,4.04,ZA,1722990154
114,adamstown,-25.066,-130.1015,18.79,64,26,4.22,PN,1722989927
115,la passe,45.5549,-0.8967,21.13,93,100,4.53,FR,1722990157
116,ghat,24.9647,10.1728,31.51,15,33,4.02,LY,1722990158
117,sumbawanga,-7.9667,31.6167,13.85,34,5,1.91,TZ,1722990159
118,kiunga,-6.1219,141.2906,24.92,89,99,2.64,PG,1722990160
119,nova vicosa,-17.8919,-39.3719,21.93,76,0,3.08,BR,1722990161
120,taltal,-25.4,-70.4833,13.91,81,41,0.95,CL,1722990020
121,twin falls,42.3505,-114.6445,34.94,16,0,2.57,US,1722990163
122,galle,6.0367,80.217,26.92,84,98,4.78,LK,1722990165
123,kailua-kona,19.6406,-155.9956,28.98,81,100,4.63,US,1722990166
124,minas de marcona,-15.2119,-75.1103,10.39,88,19,5.6,PE,1722990167
125,trapani,37.8333,12.6667,26.82,73,0,0.81,IT,1722990168
126,bethel,41.3712,-73.414,22.44,88,100,4.12,US,1722989974
127,kapuskasing,49.4169,-82.4331,19.05,48,40,2.06,CA,1722990170
128,margaret river,-33.95,115.0667,14.65,77,62,12.56,AU,1722990171
129,malango,-2.9627,119.9001,21.74,94,54,1.05,ID,1722990173
130,ketchikan,55.3422,-131.6461,24.26,53,0,3.6,US,1722990174
131,yaren,-0.5472,166.916,28.26,70,95,1.99,NR,1722990175
132,san luis de la loma,17.2706,-100.8939,29.23,76,88,2.4,MX,1722990176
133,constantia,44.1833,28.65,17.61,88,11,5.53,RO,1722990177
134,kincardine,56.0667,-3.7167,14.34,93,37,3.06,GB,1722990178
135,mahwah,27.05,76.9333,26.5,88,100,2.92,IN,1722990141
136,aasiaat,68.7098,-52.8699,3.82,96,73,3.09,GL,1722990181
137,fraserburgh,57.6874,-2.0184,14.13,76,23,7.73,GB,1722990182
138,velikiy ustyug,60.7644,46.3106,11.61,96,88,2.16,RU,1722990183
139,yemva,62.59,50.8594,10.85,87,97,2.43,RU,1722990184
140,sisimiut,66.9395,-53.6735,5.88,88,100,1.99,GL,1722990185
141,saipan,15.1355,145.701,31.39,74,40,3.09,MP,1722989925
142,hadibu,12.65,54.0333,25.01,78,46,8.23,YE,1722990189
143,hithadhoo,-0.6,73.0833,28.09,71,17,1.95,MV,1722990190
144,kattivakkam,13.2167,80.3167,25.63,99,100,3.25,IN,1722990192
145,eirunepe,-6.6603,-69.8736,24.39,85,90,0.72,BR,1722990193
146,fengrun,39.8333,118.1167,26.0,86,99,1.08,CN,1722990195
147,tromso,69.6496,18.957,13.01,82,19,0.0,NO,1722990196
148,yarmouth,41.7057,-70.2286,20.08,93,100,3.58,US,1722990197
149,thompson,55.7435,-97.8558,12.09,94,100,3.6,CA,1722990198
150,fort st. john,56.2499,-120.8529,20.94,52,75,1.03,CA,1722990199
151,stanley,54.868,-1.6985,13.01,86,0,2.06,GB,1722990200
152,dudinka,69.4058,86.1778,8.62,65,3,9.41,RU,1722990201
153,mahina,-17.5065,-149.489,28.87,65,20,9.26,PF,1722990203
154,esperanza,19.5847,-70.9849,29.32,79,52,0.89,DO,1722990204
155,puerto aysen,-45.4,-72.7,4.12,96,100,0.56,CL,1722990205
156,china,25.7,-99.2333,38.26,25,0,5.03,MX,1722990206
157,kirkwood,38.5834,-90.4068,24.67,79,100,5.66,US,1722990207
158,xinmin,41.9908,122.8253,25.4,88,59,3.83,CN,1722990208
159,las khorey,11.1595,48.1967,31.21,65,14,7.86,SO,1722990209
160,bonthe,7.5264,-12.505,25.21,83,97,3.56,SL,1722990210
161,makokou,0.5738,12.8642,23.38,71,85,1.43,GA,1722990212
162,saldanha,-33.0117,17.9442,10.03,86,7,3.49,ZA,1722990213
163,rio preto da eva,-2.6994,-59.6997,28.96,42,100,1.26,BR,1722990214
164,pangobilian,8.8011,117.8594,28.2,81,100,2.52,PH,1722990215
165,mount pearl,47.5166,-52.7813,16.36,90,75,6.17,CA,1722990216
166,bafq,31.6128,55.4107,32.88,14,1,1.96,IR,1722990217
167,kruisfontein,-34.0033,24.7314,9.12,83,0,2.53,ZA,1722990220
168,happy valley-goose bay,53.3168,-60.3315,15.17,58,75,3.09,CA,1722990205
169,la rioja,42.25,-2.5,16.88,91,100,1.83,ES,1722990134
170,elk city,35.412,-99.4043,38.99,20,0,2.57,US,1722990215
171,sanming,26.2486,117.6186,27.79,78,2,0.83,CN,1722990224
172,sijunjung,-0.6876,100.9537,21.76,96,100,0.48,ID,1722990225
173,vavoua,7.3819,-6.4778,22.78,88,100,2.81,CI,1722990227
174,vorkuta,67.5,64.0,4.78,74,7,3.12,RU,1722990074
175,mount gambier,-37.8333,140.7667,11.12,86,82,3.85,AU,1722990229
176,chirkey,42.9613,46.9787,23.62,70,62,1.5,RU,1722990230
177,danville,36.586,-79.395,25.16,89,20,0.0,US,1722990231
178,puerto ayora,-0.7393,-90.3518,20.31,91,65,2.24,EC,1722990232
179,east moriches,40.8051,-72.7609,23.13,95,100,3.09,US,1722990233
180,manakara,-22.1333,48.0167,18.41,92,23,2.05,MG,1722990234
181,samarkand,39.6542,66.9597,21.68,37,0,1.03,UZ,1722990173
182,noshiro,40.2039,140.0242,28.46,81,67,0.92,JP,1722990238
183,nema,57.5067,50.5011,13.97,94,57,1.37,RU,1722990239
184,weno,7.4515,151.8468,29.97,84,100,3.6,FM,1722990240
185,hermanus,-34.4187,19.2345,7.67,83,0,1.26,ZA,1722990241
186,utrik,11.2278,169.8474,28.46,78,48,5.8,MH,1722990242
187,road town,18.4167,-64.6167,29.02,70,40,4.12,VG,1722990243
188,quellon,-43.1167,-73.6167,6.5,84,31,2.5,CL,1722990245
189,razole,16.4833,81.8333,24.86,91,100,1.18,IN,1722990246
190,swift current,50.2834,-107.8014,19.45,63,100,9.77,CA,1722990247
191,arkadak,51.9326,43.4978,16.7,72,76,0.86,RU,1722990248
192,horta,38.5333,-28.6333,23.34,85,26,1.34,PT,1722990249
193,itaituba,-4.2761,-55.9836,26.82,40,34,1.1,BR,1722990250
194,atafu village,-8.5421,-172.5159,28.17,77,87,6.27,TK,1722990251
195,kingston,17.997,-76.7936,30.53,79,20,5.14,JM,1722989747
196,fale old settlement,-9.3852,-171.2468,28.25,74,72,6.29,TK,1722990254
197,wanxian,30.8039,108.3897,28.48,83,24,1.58,CN,1722990255
198,mermoz boabab,14.7065,-17.4758,27.88,83,40,3.09,SN,1722990256
199,la maddalena,41.2142,9.4083,25.03,75,0,5.08,IT,1722990257
200,mount isa,-20.7333,139.5,18.87,37,2,6.17,AU,1722990258
201,panaba,21.2833,-88.2667,28.45,77,93,3.94,MX,1722990259
202,lihue,21.9789,-159.3672,28.77,66,0,5.66,US,1722990260
203,bamboo flat,11.7,92.7167,26.05,89,75,1.03,IN,1722990262
204,goure,13.9835,10.2704,25.15,76,100,3.52,NE,1722990264
205,kudahuvadhoo,2.6708,72.8944,27.72,75,99,1.99,MV,1722990265
206,shihezi,44.3,86.0333,25.9,42,100,3.86,CN,1722990266
207,port saint john's,-31.6229,29.5448,14.09,68,0,2.17,ZA,1722990267
208,campbellton,48.0075,-66.6727,19.25,44,46,3.52,CA,1722990252
209,santa barbara,34.7333,-120.0343,31.61,34,0,3.6,US,1722990012
210,susuman,62.7833,148.1667,9.22,75,100,1.8,RU,1722990271
211,labrador city,52.9463,-66.9114,8.99,81,100,6.17,CA,1722990273
212,mahibadhoo,3.7833,72.9667,28.12,73,100,2.42,MV,1722990274
213,kerikeri,-35.2268,173.9474,13.18,63,37,1.75,NZ,1722990275
214,goldap,54.3063,22.3036,13.14,96,13,1.72,PL,1722990276
215,sao vicente,-23.9631,-46.3919,29.1,69,10,0.6,BR,1722990125
216,oamaru,-45.0784,170.9801,8.4,59,64,3.05,NZ,1722990279
217,rosario oeste,-14.8361,-56.4275,27.1,26,0,2.01,BR,1722990280
218,bozeman,45.6796,-111.0386,26.49,56,0,4.02,US,1722990281
219,yantzaza,-3.8278,-78.7594,20.39,98,53,0.41,EC,1722990282
220,na klang,17.3072,102.1889,24.57,90,92,1.34,TH,1722990283
221,maralal,1.0968,36.698,15.32,83,82,1.16,KE,1722990284
222,ribeira grande,38.5167,-28.7,23.76,85,12,1.34,PT,1722990286
223,novaya igirma,57.1334,103.9112,18.47,62,72,0.56,RU,1722990287
224,murzzuschlag,47.6,15.6833,15.59,97,29,1.32,AT,1722990288
225,kwangyang,34.9753,127.5892,30.11,75,64,0.78,KR,1722990289
226,walvis bay,-22.9575,14.5053,11.72,95,57,2.1,NA,1722990290
227,zhumysker,49.3333,49.4,24.68,56,89,2.76,KZ,1722990291
228,san luis,-33.295,-66.3356,6.16,71,46,4.22,AR,1722990292
229,zouerate,22.7187,-12.4521,33.12,20,3,4.78,MR,1722990294
230,ballina,-28.8667,153.5667,18.77,64,84,4.88,AU,1722990295
231,acapulco de juarez,16.8634,-99.8901,30.9,66,75,2.57,MX,1722990296
232,al buraymi,24.2509,55.7931,29.68,74,0,3.6,OM,1722990297
233,genhe,50.7833,121.5167,16.34,90,90,0.88,CN,1722990298
234,mishkino,55.3389,63.9175,14.51,91,10,2.0,RU,1722990299
235,cova figueira,14.8905,-24.2934,20.31,88,98,3.84,CV,1722990301
236,jiayuguan,39.8167,98.3,25.72,27,0,1.09,CN,1722990302
237,el jadid,33.2549,-8.506,21.74,87,2,4.21,MA,1722990303
238,ambovombe,-25.1667,46.0833,19.55,80,80,4.98,MG,1722990304
239,flin flon,54.7682,-101.865,15.1,75,92,6.01,CA,1722990305
240,gazojak,41.1875,61.4036,29.33,21,1,4.01,TM,1722990306
241,badger,64.8,-147.5333,25.14,39,75,2.06,US,1722990307
242,timimoun,29.2639,0.231,36.21,15,0,7.72,DZ,1722990309
243,manokwari,-0.8667,134.0833,28.44,67,92,2.87,ID,1722990311
244,gurupi,-11.7292,-49.0686,25.91,33,4,2.62,BR,1722990312
245,luorong,24.4058,109.6086,28.03,79,10,1.44,CN,1722990313
246,ola,59.5833,151.2833,10.6,88,100,1.98,RU,1722990314
247,dauphin,51.1494,-100.0502,16.08,94,100,7.72,CA,1722990315
248,lander,42.833,-108.7307,29.45,23,0,12.35,US,1722990316
249,saint-philippe,-21.3585,55.7679,18.77,70,13,1.77,RE,1722990318
250,muntok,-2.0667,105.1833,25.78,82,84,3.75,ID,1722990319
251,la sarre,48.8002,-79.1996,15.12,61,63,2.98,CA,1722990252
252,sept-iles,50.2001,-66.3821,18.0,56,20,2.57,CA,1722990036
253,vernon,50.2581,-119.2691,31.63,23,0,3.58,CA,1722990322
254,tsiombe,-25.3,45.4833,19.51,80,80,3.73,MG,1722990323
255,merizo village,13.2658,144.6691,30.21,83,74,0.93,GU,1722990324
256,hampton bays,40.869,-72.5176,22.04,96,100,7.15,US,1722990326
257,malaba,0.6346,34.2756,20.1,70,71,1.85,KE,1722990327
258,khaga,25.7833,81.1167,27.66,76,100,1.84,IN,1722990328
259,camocim,-2.9022,-40.8411,25.11,75,1,7.57,BR,1722990329
260,lebu,-37.6167,-73.65,6.66,80,35,2.47,CL,1722989946
261,gisborne,-38.6533,178.0042,12.23,60,6,2.0,NZ,1722990332
262,christchurch,-43.5333,172.6333,12.05,71,2,10.28,NZ,1722989774
263,vrangel',42.7297,133.0839,22.83,92,90,3.06,RU,1722990336
264,warren,39.4334,-84.1666,31.33,66,0,2.57,US,1722990172
265,bingen am rhein,49.9667,7.9,21.08,81,79,1.36,DE,1722990339
266,inebolu,41.9747,33.7608,20.55,59,5,2.96,TR,1722990340
267,gombe,10.2897,11.1673,22.49,91,99,3.34,NG,1722990343
268,mahdia,35.5047,11.0622,25.97,80,0,2.29,TN,1722990344
269,madalena,41.2162,-8.3345,21.42,89,15,0.99,PT,1722990345
270,hammerfest,70.6634,23.6821,16.25,63,6,0.0,NO,1722990346
271,bacabal,-4.2917,-44.7917,26.29,45,87,1.55,BR,1722990347
272,benjamin constant,-4.3831,-70.0311,26.07,67,94,0.66,BR,1722990348
273,fyodorovka,53.6314,62.7078,17.03,96,100,1.9,KZ,1722990349
274,san angelo,31.4638,-100.437,38.12,26,20,2.68,US,1722990251
275,gejiu,23.306,103.1635,16.88,94,91,1.03,CN,1722990352
276,argostolion,38.1811,20.489,27.64,42,0,1.98,GR,1722990353
277,khurja,28.25,77.85,26.28,91,98,2.22,IN,1722990354
278,san pedro pochutla,15.7333,-96.4667,30.84,76,59,2.95,MX,1722990355
279,lompoc,34.6391,-120.4579,34.08,46,7,4.24,US,1722990356
280,severo-yeniseyskiy,60.3725,93.0408,15.77,86,77,1.06,RU,1722990357
281,pokhara,28.2333,83.9833,20.33,93,100,0.36,NP,1722990358
282,san patricio,28.017,-97.5169,33.08,58,35,5.98,US,1722990360
283,brisas de zicatela,15.8369,-97.0419,30.29,84,20,2.57,MX,1722990361
284,palmer,42.1584,-72.3287,20.84,76,100,3.6,US,1722990139
285,onega,63.9061,38.1404,10.2,78,62,1.37,RU,1722990363
286,mumford,5.2618,-0.759,23.28,91,85,5.58,GH,1722990365
287,bella vista,36.4295,-94.2316,37.13,42,0,3.09,US,1722990231
288,klang,3.0333,101.45,26.08,89,20,0.0,MY,1722990367
289,markaz-e hukumat-e darweshan,31.1323,64.1934,29.13,19,0,4.77,AF,1722990369
290,lengshuitan,26.4111,111.5956,28.75,73,47,3.39,CN,1722990370
291,smithers,54.7804,-127.1743,28.18,26,20,0.0,CA,1722990371
292,newman,37.3138,-121.0208,39.13,6,0,1.99,US,1722990373
293,undurkhaan,47.3194,110.6556,19.58,67,61,1.03,MN,1722990375
294,nuuk,64.1835,-51.7216,8.34,100,100,0.0,GL,1722990376
295,kargopol',61.5071,38.9456,12.22,90,93,1.92,RU,1722990377
296,port douglas,-16.4833,145.4667,22.64,70,86,1.8,AU,1722990378
297,murghob,38.1702,73.9667,9.09,55,6,1.94,TJ,1722990380
298,ust-nera,64.5667,143.2,10.58,86,100,2.07,RU,1722990381
299,pechora,65.1472,57.2244,6.82,77,6,1.55,RU,1722990382
300,chonchi,-42.6128,-73.8092,5.07,96,66,0.92,CL,1722990384
301,mananara,-16.1667,49.7667,20.22,87,48,1.31,MG,1722990385
302,mhasvad,17.6333,74.7833,22.8,86,99,5.34,IN,1722990386
303,hsinchu,24.8036,120.9686,30.99,76,49,0.89,TW,1722990387
304,ubatuba,-23.4339,-45.0711,19.23,68,0,1.2,BR,1722990347
305,arteche,12.2645,125.4048,28.15,75,99,1.76,PH,1722990390
306,iskateley,67.6803,53.1512,5.25,83,13,3.11,RU,1722990391
307,lorengau,-2.0226,147.2712,28.79,76,100,4.84,PG,1722990392
308,khash,28.2211,61.2158,25.47,66,89,1.5,IR,1722990393
309,changli,39.7042,119.1506,26.5,80,96,0.03,CN,1722990394
310,kirakira,-10.4544,161.9205,28.01,75,83,6.4,SB,1722990396
311,vorgashor,67.5833,63.95,4.67,73,7,3.42,RU,1722990397
312,pangkalpinang,-2.1333,106.1333,25.11,82,87,2.0,ID,1722990398
313,puerto baquerizo moreno,-0.9,-89.6,19.74,83,82,6.18,EC,1722990399
314,bubaque,11.2833,-15.8333,26.15,86,100,7.02,GW,1722990400
315,manismata,-2.4667,111.0333,24.18,94,100,1.26,ID,1722990401
316,sur,22.5667,59.5289,27.99,73,92,4.91,OM,1722990403
317,jeju city,33.5097,126.5219,29.96,79,0,3.09,KR,1722990404
318,bisingen,48.3101,8.9174,19.08,90,37,1.14,DE,1722990405
319,zeya,53.75,127.2667,21.97,62,81,0.95,RU,1722990406
320,howrah,22.5892,88.3103,28.0,94,40,1.54,IN,1722990407
321,fort bragg,35.139,-79.006,24.08,96,100,3.6,US,1722990409
322,port-gentil,-0.7193,8.7815,23.18,81,99,5.45,GA,1722990410
323,puerto leguizamo,-0.1934,-74.7819,23.23,96,79,0.54,CO,1722990411
324,corinto,37.9407,22.9573,26.61,63,0,2.03,GR,1722990414
325,ryotsu-minato,38.0833,138.4333,25.3,81,95,0.52,JP,1722990415
326,xilin hot,43.9667,116.0333,23.88,46,3,3.15,CN,1722990417
327,kzyltu,53.6364,72.3414,17.38,93,91,2.6,KZ,1722990419
328,port-vila,-17.7338,168.3219,23.78,60,75,7.72,VU,1722990421
329,codrington,-38.2667,141.9667,11.09,83,43,6.05,AU,1722990422
330,namibe,-15.1961,12.1522,18.26,92,31,2.27,AO,1722990423
331,bihac,44.8169,15.8708,17.96,85,20,0.75,BA,1722990424
332,tamanrasset,22.785,5.5228,27.95,12,0,3.09,DZ,1722990426
333,sinop,41.7711,34.8709,16.32,62,14,1.03,TR,1722990428
334,sosnogorsk,63.6023,53.8817,8.68,83,65,1.24,RU,1722990430
335,vakarai,55.6035,23.8213,13.29,94,3,2.7,LT,1722990431
336,awjilah,29.1081,21.2869,31.03,21,0,4.38,LY,1722990432
337,vadso,70.0744,29.7487,13.49,71,35,0.0,NO,1722990433
338,geraldton,-28.7667,114.6,18.23,94,75,6.69,AU,1722990434
339,rawson,-43.3002,-65.1023,7.19,86,98,9.94,AR,1722990436
340,egilsstadir,65.2653,-14.3948,7.95,87,20,1.54,IS,1722990437
341,dinar,38.065,30.1656,23.98,52,29,2.94,TR,1722990438
342,monrovia,6.3005,-10.7969,24.87,83,100,4.07,LR,1722990439
343,mancio lima,-7.6142,-72.8958,25.04,94,100,2.06,BR,1722990440
344,mata-utu,-13.2816,-176.1745,26.01,75,93,9.15,WF,1722990441
345,anna regina,7.2644,-58.5077,26.88,81,0,2.87,GY,1722990442
346,jaffna,9.6685,80.0074,27.46,81,100,3.27,LK,1722990444
347,assinovskaya,43.24,45.18,23.25,80,93,0.88,RU,1722990445
348,mariehamn,60.0973,19.9348,17.68,100,100,0.51,AX,1722990446
349,cochrane,51.1834,-114.4687,15.92,59,100,3.6,CA,1722990302
350,katsuura,35.1333,140.3,27.04,89,100,3.37,JP,1722990450
351,anadyr,64.75,177.4833,9.28,57,75,7.0,RU,1722990451
352,yamaguchi,34.1858,131.4714,31.38,70,90,1.39,JP,1722990453
353,kerman,30.2832,57.0788,25.92,21,0,2.06,IR,1722990455
354,xining,36.6167,101.7667,14.38,79,90,1.57,CN,1722990457
355,st. john's,47.5649,-52.7093,16.82,90,75,6.17,CA,1722990296
356,yerofey pavlovich,53.9667,121.9667,19.59,57,100,1.58,RU,1722990460
357,colonia,50.9333,6.95,21.08,81,0,0.51,DE,1722990461
358,kombissiri,12.0656,-1.3375,24.99,91,99,4.01,BF,1722990463
359,puerto lempira,15.2667,-83.7667,27.29,87,73,3.49,HN,1722990465
360,tacherting,48.0833,12.5667,19.63,90,69,0.97,DE,1722990466
361,ustyuzhna,58.8394,36.4321,13.82,92,96,1.58,RU,1722990467
362,maur,30.0833,75.25,27.73,83,2,4.12,IN,1722990469
363,lithgow,-33.4833,150.15,8.14,65,62,1.52,AU,1722990470
364,santiago del estero,-27.7951,-64.2615,19.2,36,16,8.08,AR,1722990467
365,nurota,40.5614,65.6886,23.96,23,0,3.09,UZ,1722990473
366,kalamata,37.0389,22.1142,27.28,55,0,2.57,GR,1722990445
367,keflavik,64.0049,-22.5624,10.24,100,0,4.12,IS,1722990476
368,dem'yanovo,60.3511,47.0842,12.54,91,100,2.05,RU,1722990477
369,nar'yan-mar,67.6713,53.087,5.24,83,15,3.13,RU,1722990478
370,vallenar,-28.5708,-70.7581,12.55,54,75,1.62,CL,1722990479
371,tazovsky,67.4667,78.7,5.74,87,0,6.34,RU,1722990481
372,akureyri,65.6835,-18.0878,7.96,100,100,5.14,IS,1722990482
373,luocheng,29.3848,104.0286,26.15,91,54,1.16,CN,1722990483
374,bridgetown,13.1,-59.6167,28.27,78,20,5.66,BB,1722990486
375,hobyo,5.3505,48.5268,24.67,88,66,11.02,SO,1722990487
376,greenland,43.0362,-70.8328,19.45,75,100,1.54,US,1722990305
377,luanda,-8.8368,13.2343,21.0,88,75,2.57,AO,1722990490
378,best,51.5075,5.3903,19.94,80,100,1.54,NL,1722990491
379,shimoda,34.6667,138.95,31.17,75,84,2.18,JP,1722990492
380,satun,6.8333,100.0,25.0,96,99,0.74,TH,1722990494
381,contamana,-7.3333,-75.0167,28.01,60,78,1.4,PE,1722990495
382,queenstown,-31.8976,26.8753,7.94,24,0,1.81,ZA,1722990326
383,grand falls-windsor,48.9332,-55.6649,15.84,75,38,5.3,CA,1722990497
384,tolanaro,-25.0319,46.9987,22.04,83,75,5.14,MG,1722990498
385,pundong,-7.9522,110.3486,23.69,86,96,1.64,ID,1722990499
386,waingapu,-9.6567,120.2641,26.45,71,38,6.48,ID,1722990501
387,port alberni,49.2413,-124.8028,26.07,55,9,4.02,CA,1722990501
388,santa luzia,-19.7697,-43.8514,20.6,45,0,3.09,BR,1722990334
389,mitu,1.1983,-70.1733,23.2,95,83,1.41,CO,1722990504
390,tangalle,6.024,80.7911,24.09,91,89,3.76,LK,1722990505
391,taoudenni,22.6783,-3.9836,37.57,19,13,3.11,ML,1722990506
392,kankara,11.9302,7.4127,22.54,86,90,5.03,NG,1722990507
393,polyarnyy,69.1989,33.4478,11.77,55,19,4.17,RU,1722990508
394,dunedin,-45.8742,170.5036,11.56,58,44,1.34,NZ,1722990510
395,makaha,21.4694,-158.2175,31.95,48,0,5.66,US,1722990511
396,mokshan,53.4365,44.6132,16.52,68,49,2.01,RU,1722990512
397,roma,43.2128,-75.4557,20.08,88,0,2.57,US,1722990513
398,beledweyne,4.7358,45.2036,24.37,79,70,8.07,SO,1722990514
399,paramonga,-10.6667,-77.8333,16.64,87,26,5.59,PE,1722990515
400,mana,5.6592,-53.7767,26.79,82,2,4.03,GF,1722990516
401,naze,28.3667,129.4833,30.51,72,5,1.65,JP,1722990518
402,chu,43.5983,73.7614,21.98,57,0,2.64,KZ,1722990519
403,leua,48.2156,18.6071,18.05,63,0,2.11,SK,1722990520
404,srandakan,-7.9386,110.2506,23.74,86,98,2.03,ID,1722990522
405,mabini,15.6,120.9833,26.35,84,86,0.89,PH,1722990523
406,ouadda,8.0777,22.4007,19.69,97,99,1.4,CF,1722990524
407,puke,42.0444,19.8997,20.48,56,0,3.8,AL,1722990526
408,amga,60.8953,131.9608,15.35,70,21,2.25,RU,1722990527
409,selfoss,63.9331,-20.9971,8.91,85,69,2.16,IS,1722990528
410,haiku-pauwela,20.9219,-156.3051,28.98,67,20,12.86,US,1722990530
411,broome,42.2506,-75.833,20.36,94,100,3.09,US,1722990531
412,basti,26.8,82.7167,25.03,93,100,3.34,IN,1722990532
413,ulladulla,-35.35,150.4667,14.08,44,6,0.67,AU,1722990534
414,kenai,60.5544,-151.2583,18.05,84,100,5.14,US,1722990535
415,tuba city,36.135,-111.2399,32.43,32,21,6.71,US,1722990536
416,usinsk,65.9939,57.5281,6.77,71,7,5.04,RU,1722990253
417,westport,41.1415,-73.3579,23.3,89,100,5.66,US,1722990538
418,west plains,36.7281,-91.8524,33.79,61,20,2.68,US,1722990433
419,myrhorod,49.9685,33.6089,17.98,61,97,2.18,UA,1722990540
420,carnarvon,-24.8667,113.6333,21.02,59,59,4.84,AU,1722990542
421,afaahiti,-17.75,-149.2833,27.93,84,7,9.3,PF,1722990543
422,pahlgam,34.0333,75.3333,12.63,92,16,1.6,IN,1722990544
423,arkhangel'sk,64.5401,40.5433,9.06,100,0,3.0,RU,1722990545
424,la palma,33.8464,-118.0467,35.48,59,40,5.14,US,1722990548
425,olinda,-8.0089,-34.8553,24.85,83,20,4.63,BR,1722990549
426,jayapura,-2.5333,140.7,28.66,70,86,1.85,ID,1722990550
427,raduzhny,62.0961,77.475,8.23,74,17,3.66,RU,1722990551
428,ellsworth,44.5434,-68.4195,18.81,89,0,2.57,US,1722990552
429,san antonio de pale,-1.4014,5.6325,22.63,79,65,5.56,GQ,1722990553
430,caaguazu,-25.45,-56.0167,23.79,41,100,2.65,PY,1722990524
431,siteki,-26.45,31.95,11.16,90,0,1.23,SZ,1722990556
432,arochukwu,5.3898,7.914,22.19,98,45,1.39,NG,1722990557
433,cam ranh,11.9214,109.1591,27.98,74,0,1.54,VN,1722990558
434,inirida,3.8653,-67.9239,24.63,92,74,1.71,CO,1722990559
435,ta`u,-14.2336,-169.5144,25.92,75,12,5.26,AS,1722990560
436,massakory,12.996,15.7293,24.9,78,100,3.93,TD,1722990561
437,sima,53.9202,102.0442,14.47,96,100,2.55,RU,1722990562
438,tralee,52.2704,-9.7026,12.82,93,32,3.66,IE,1722990564
439,covington,39.0837,-84.5086,31.87,63,40,4.63,US,1722990545
440,guaymate,18.5879,-68.9787,26.83,83,20,4.12,DO,1722990566
441,geneina,13.45,22.45,22.73,85,98,3.92,SD,1722990567
442,wimereux,50.7696,1.6114,16.94,87,96,5.93,FR,1722990568
443,sokcho,38.2083,128.5911,29.34,74,0,2.06,KR,1722990569
444,santarem,-2.4431,-54.7083,28.07,78,0,2.57,BR,1722990571
445,kone,-21.0595,164.8658,25.04,43,16,2.72,NC,1722990572
446,sweetwater,25.7634,-80.3731,31.12,74,75,5.14,US,1722990393
447,whitby,54.4877,-0.615,15.17,77,1,0.89,GB,1722990092
448,i-n-salah,27.1935,2.4607,34.67,15,1,5.33,DZ,1722990575
449,nadi,-17.8,177.4167,25.0,57,75,5.66,FJ,1722990576
450,caleta de carquin,-11.0925,-77.6267,16.95,84,17,6.26,PE,1722990577
451,acarau,-2.8856,-40.12,25.25,82,6,7.91,BR,1722990578
452,tambacounda,13.7539,-13.7586,24.37,94,99,4.95,SN,1722990580
453,avenal,36.0041,-120.129,40.87,12,0,1.79,US,1722990581
454,tokombere,11.2271,13.4858,23.15,88,99,2.67,NG,1722990582
455,toliara,-23.35,43.6667,19.05,87,0,5.31,MG,1722990583
456,harar,9.3094,42.1258,16.49,78,100,4.73,ET,1722990584
457,elko,41.0002,-115.5012,35.09,12,5,6.71,US,1722990585
458,biryusinsk,55.9634,97.8235,14.7,97,100,2.15,RU,1722990586
459,ra's bayrut,33.9,35.4833,27.81,65,40,1.54,LB,1722990588
460,moab,38.5733,-109.5498,38.03,16,24,3.7,US,1722990589
461,teteven,42.9167,24.2667,16.77,66,0,1.02,BG,1722990590
462,namdrik,5.5994,168.1028,28.41,71,82,2.48,MH,1722990591
463,tommot,58.9564,126.2925,15.28,91,97,1.23,RU,1722990592
464,puerto deseado,-47.7503,-65.8938,4.18,62,100,3.23,AR,1722990380
465,batticaloa,7.7102,81.6924,26.72,83,100,2.04,LK,1722990594
466,maktar,35.858,9.2007,20.0,70,0,1.97,TN,1722990596
467,abalak,58.1286,68.5944,14.63,97,100,3.16,RU,1722990597
468,balakovo,52.0278,47.8007,18.62,78,97,2.36,RU,1722990598
469,baotou,40.6522,109.8222,22.93,62,59,3.01,CN,1722990599
470,al bardiyah,31.7561,25.0865,25.22,82,0,4.88,LY,1722990600
471,zambezi,-13.5432,23.1047,13.84,23,8,2.69,ZM,1722990603
472,namsos,64.4662,11.4957,21.03,73,40,5.14,NO,1722990604
473,shreveport,32.5251,-93.7502,35.12,47,0,3.6,US,1722990018
474,fiambala,-27.6871,-67.6149,9.45,32,0,5.38,AR,1722990607
475,navas de san juan,38.2351,-3.3538,24.93,27,0,0.77,ES,1722990608
476,al qusiyah,27.4402,30.8184,30.24,31,2,4.63,EG,1722990610
477,poplar bluff,36.757,-90.3929,34.37,55,0,2.68,US,1722990611
478,misratah,32.3754,15.0925,27.74,69,2,1.94,LY,1722990613
479,belyy yar,53.6039,91.3903,15.94,82,0,2.0,RU,1722990614
480,tucumcari,35.1717,-103.725,37.19,18,0,2.57,US,1722990615
481,adler,43.43,39.92,21.09,83,0,4.0,RU,1722990616
482,morehead city,34.7229,-76.726,25.02,94,100,3.09,US,1722990618
483,sitka,57.0531,-135.33,17.94,72,0,3.6,US,1722990619
484,de haan,51.272,3.0429,19.01,78,75,5.14,BE,1722990620
485,rakops,-21.0167,24.3333,13.93,65,0,3.37,BW,1722990621
486,abeche,13.8292,20.8324,23.78,85,100,2.44,TD,1722990623
487,jiazi,22.8779,116.067,29.62,76,9,1.46,CN,1722990624
488,wad az zaki,14.4619,32.2065,25.34,76,98,5.68,SD,1722990626
489,ingeniero jacobacci,-41.3427,-69.5448,2.38,76,100,6.43,AR,1722990627
490,n'dalatando,-9.2978,14.9116,16.04,89,4,1.03,AO,1722990628
491,nouadhibou,20.931,-17.0347,20.99,88,20,7.2,MR,1722990629
492,howard springs,-12.497,131.047,28.26,69,84,5.27,AU,1722990630
493,uman,48.7484,30.2218,16.82,83,100,6.18,UA,1722990631
494,kalety,50.5627,18.8926,13.27,68,2,1.86,PL,1722990632
495,lake munmorah,-33.1936,151.5719,16.21,70,17,0.63,AU,1722990633
496,ataq,14.5377,46.8319,26.78,55,100,2.76,YE,1722990635
497,kalmunai,7.4167,81.8167,27.04,79,100,1.49,LK,1722990636
498,burang,30.25,81.1667,10.54,85,100,2.18,CN,1722990637
499,tazacorte,28.629,-17.9293,23.54,88,100,6.69,ES,1722990617
500,khorramabad,33.4878,48.3558,22.79,28,0,3.09,IR,1722990639
501,coyhaique,-45.5752,-72.0662,1.34,99,100,0.52,CL,1722990640
502,ladario,-19.0047,-57.6017,24.19,29,96,1.09,BR,1722990641
503,salto del guaira,-24.0625,-54.3069,23.55,40,54,2.96,PY,1722990442
504,cole harbour,44.6724,-63.4751,17.66,94,75,3.6,CA,1722990644
505,tyukhtet,56.5389,89.3011,14.5,99,100,2.01,RU,1722990645
506,moeiwadi,16.3894,104.1572,27.33,81,100,1.64,TH,1722990646
507,zaozersk,69.4005,32.4476,11.92,54,58,2.44,RU,1722990647
508,kisangani,0.5167,25.2,22.58,81,100,1.15,CD,1722990648
509,opuwo,-18.0607,13.84,16.08,36,0,1.37,NA,1722990649
510,forster,-32.1667,152.5167,16.83,70,89,1.05,AU,1722990650
511,antsiranana,-12.2787,49.2917,21.35,82,11,6.09,MG,1722990652
512,pahrump,36.2083,-115.9839,43.03,11,0,1.79,US,1722990653
513,sidney,-33.8679,151.2073,15.19,57,0,4.12,AU,1722990654
514,iguape,-24.7081,-47.5553,18.39,94,4,1.58,BR,1722990655
515,as suwayq,23.8494,57.4386,30.43,73,100,3.12,OM,1722990656
516,thunder bay,48.4001,-89.3168,22.95,40,20,3.6,CA,1722990513
517,colares,38.7992,-9.4469,21.82,84,17,8.04,PT,1722990658
518,limon,10.0,-83.0333,25.94,94,75,1.54,CR,1722990660
519,antofagasta,-23.65,-70.4,14.6,80,95,2.44,CL,1722990611
520,achacachi,-16.05,-68.6833,5.52,81,0,3.99,BO,1722990662
521,brookings,44.3114,-96.7984,22.0,65,0,4.12,US,1722990663
522,harpswell center,43.8018,-69.9842,18.95,77,100,2.51,US,1722990664
523,arraial do cabo,-22.9661,-42.0278,22.23,88,0,11.69,BR,1722990665
524,piriapolis,-34.8682,-55.2744,18.9,91,100,2.06,UY,1722990666
525,bardai,11.65,7.2333,21.55,89,100,5.4,NG,1722990668
526,turpan,42.9333,89.1667,33.56,23,100,2.52,CN,1722990669
527,irymple,-34.25,142.1667,15.14,49,34,4.66,AU,1722990670
528,sinjar,36.3209,41.8754,31.46,25,0,5.25,IQ,1722990671
529,fenoarivo be,-18.4333,46.5667,12.96,69,0,2.12,MG,1722990672
530,yanam,16.7333,82.2167,25.08,89,100,1.97,IN,1722990673
531,knysna,-34.0363,23.0471,12.04,68,0,1.96,ZA,1722990674
532,jianguang,28.1938,115.7836,30.91,60,6,1.02,CN,1722990676
533,chaoyang,41.5703,120.4586,25.99,77,95,1.83,CN,1722990429
534,missoula,47.0166,-113.8009,23.22,41,31,2.97,US,1722990678
535,forbes,-33.3833,148.0167,16.07,56,9,2.77,AU,1722990679
536,okha,53.5739,142.9478,16.84,85,98,5.3,RU,1722990681
537,guerrero negro,27.9769,-114.0611,27.65,52,23,6.61,MX,1722990589
538,saint-francois,46.4154,3.9054,20.69,88,0,2.06,FR,1722990684
539,klyuchi,52.2667,79.1667,19.88,76,100,1.81,RU,1722990685
540,mazatlan,23.2167,-106.4167,29.98,80,100,5.14,MX,1722990686
541,ibotirama,-12.1853,-43.2206,23.52,47,0,3.42,BR,1722990687
542,kapa'a,22.0752,-159.319,29.18,67,0,5.66,US,1722990688
543,pasuquin,18.3328,120.6177,27.97,83,40,3.6,PH,1722990689
544,tantou,26.0314,119.5986,29.87,70,0,2.0,CN,1722990690
545,mendota,36.7536,-120.3816,41.15,10,0,3.66,US,1722990692
546,dalbandin,28.8947,64.4101,28.98,66,41,3.69,PK,1722990693
547,suisun,38.2383,-122.0402,39.64,17,0,5.14,US,1722990695
548,constitucion,-35.3333,-72.4167,6.98,86,6,2.88,CL,1722990696
549,harstad,68.799,16.5293,14.66,59,2,3.4,NO,1722990697
550,fonte boa,-2.4959,-66.2662,25.31,65,0,0.51,BR,1722990698
551,luau,-10.7073,22.2247,17.54,24,4,2.14,AO,1722990700
552,willowmore,-33.2926,23.4895,7.87,41,0,0.9,ZA,1722990701
553,sukumo,32.9333,132.7333,32.58,59,0,2.15,JP,1722990702
554,kalabo,-14.97,22.6814,15.15,17,1,2.43,ZM,1722990703
555,west end,26.6833,-78.9667,29.99,78,100,7.59,BS,1722990704
556,tannum sands,-23.9504,151.3693,18.94,88,100,1.54,AU,1722990705
557,novodvinsk,64.4165,40.8122,8.86,76,6,2.01,RU,1722990706
558,moundou,8.5667,16.0833,21.58,97,80,1.58,TD,1722990708
559,alta,69.9689,23.2717,15.59,67,0,2.06,NO,1722990709
560,tagta,41.6504,59.9164,25.97,50,0,3.09,TM,1722990710
561,al hilaliyya,14.9398,33.234,23.88,84,51,4.33,SD,1722990711
562,indre arna,60.4247,5.4764,20.12,83,100,1.74,NO,1722990712
563,mount pleasant,32.7941,-79.8626,26.11,96,100,5.66,US,1722990713
564,sandnessjoen,66.0217,12.6316,14.29,74,8,7.62,NO,1722990714
565,gobabis,-22.45,18.9667,12.77,25,9,1.55,NA,1722990716
566,kuta,-8.7233,115.1723,26.97,83,20,6.17,ID,1722990717
567,sorong,-0.8833,131.25,26.93,85,18,4.94,ID,1722990718
568,berdigestyakh,62.0989,126.6992,17.52,51,0,4.26,RU,1722990719
569,dryden,49.7833,-92.7503,22.16,40,75,2.57,CA,1722990496
570,zyrya,40.3661,50.2917,28.05,74,0,10.41,AZ,1722990721
571,amahai,-3.3333,128.9167,25.2,89,95,4.05,ID,1722990724
572,eufaula,31.8913,-85.1455,32.02,51,0,2.06,US,1722990725
573,remire-montjoly,4.9167,-52.2667,26.02,94,100,1.54,GF,1722990726
